fname,dialogue,summary
test_0,"#Person1#: Ms. Dawson, I need you to take a dictation for me.
#Person2#: Yes, sir...
#Person1#: This should go out as an intra-office memorandum to all employees by this afternoon. Are you ready?
#Person2#: Yes, sir. Go ahead.
#Person1#: Attention all staff... Effective immediately, all office communications are restricted to email correspondence and official memos. The use of Instant Message programs by employees during working hours is strictly prohibited.
#Person2#: Sir, does this apply to intra-office communications only? Or will it also restrict external communications?
#Person1#: It should apply to all communications, not only in this office between employees, but also any outside communications.
#Person2#: But sir, many employees use Instant Messaging to communicate with their clients.
#Person1#: They will just have to change their communication methods. I don't want any - one using Instant Messaging in this office. It wastes too much time! Now, please continue with the memo. Where were we?
#Person2#: This applies to internal and external communications.
#Person1#: Yes. Any employee who persists in using Instant Messaging will first receive a warning and be placed on probation. At second offense, the employee will face termination. Any questions regarding this new policy may be directed to department heads.
#Person2#: Is that all?
#Person1#: Yes. Please get this memo typed up and distributed to all employees before 4 pm.",#Person1# asks Ms. Dawson to take a dictation for him. #Person1# tells Ms. Dawson that all office communications are restricted to email correspondence and official memos and the use of Instant Message programs by employees during working hours is strictly prohibited.
test_1,"#Person1#: You're finally here! What took so long?
#Person2#: I got stuck in traffic again. There was a terrible traffic jam near the Carrefour intersection.
#Person1#: It's always rather congested down there during rush hour. Maybe you should try to find a different route to get home.
#Person2#: I don't think it can be avoided, to be honest.
#Person1#: perhaps it would be better if you started taking public transport system to work.
#Person2#: I think it's something that I'll have to consider. The public transport system is pretty good.
#Person1#: It would be better for the environment, too.
#Person2#: I know. I feel bad about how much my car is adding to the pollution problem in this city.
#Person1#: Taking the subway would be a lot less stressful than driving as well.
#Person2#: The only problem is that I'm going to really miss having the freedom that you have with a car.
#Person1#: Well, when it's nicer outside, you can start biking to work. That will give you just as much freedom as your car usually provides.
#Person2#: That's true. I could certainly use the exercise!
#Person1#: So, are you going to quit driving to work then?
#Person2#: Yes, it's not good for me or for the environment.",#Person2# got stuck in traffic again. #Person1# suggests taking public transport to work. #Person2# thinks it's good for the environment and less stressful than driving. #Person1# suggests biking when it's nicer outside. #Person2# agrees.
test_2,"#Person1#: Kate, you never believe what's happened.
#Person2#: What do you mean?
#Person1#: Masha and Hero are getting divorced.
#Person2#: You are kidding. What happened?
#Person1#: Well, I don't really know, but I heard that they are having a separation for 2 months, and filed for divorce.
#Person2#: That's really surprising. I always thought they are well matched. What about the kids? Who get custody?
#Person1#: Masha, it seems quiet and makable, no quarrelling about who get the house and stock and then contesting the divorce with other details worked out.
#Person2#: That's the change from all the back stepping we usually hear about. Well, I still can't believe it, Masha and Hero, the perfect couple. When would they divorce be final?
#Person1#: Early in the New Year I guess.",#Person1# tells Kate that Masha and Hero are getting divorced. Kate is surprised because she always thought they are well matched. #Person1# says Masha and Hero have worked out the details.
test_3,"#Person1#: Happy Birthday, this is for you, Brian.
#Person2#: I'm so happy you remember, please come in and enjoy the party. Everyone's here, I'm sure you have a good time.
#Person1#: Brian, may I have a pleasure to have a dance with you?
#Person2#: Ok.
#Person1#: This is really wonderful party.
#Person2#: Yes, you are always popular with everyone. and you look very pretty today.
#Person1#: Thanks, that's very kind of you to say. I hope my necklace goes with my dress, and they both make me look good I feel.
#Person2#: You look great, you are absolutely glowing.
#Person1#: Thanks, this is a fine party. We should have a drink together to celebrate your birthday",#Person1# gives Brian a present on his birthday and they have a dance. #Person1# praises Brian's party and they have a drink together.
test_4,"#Person1#: This Olympic park is so big!
#Person2#: Yes. Now we are in the Olympic stadium, the center of this park.
#Person1#: Splendid! When is it gonna be finished?
#Person2#: The whole stadium is to be finished this June.
#Person1#: How many seats are there in the stand?
#Person2#: Oh, there are 5000 seats in total.
#Person1#: I didn ' t know it would be so big!
#Person2#: It is! Look there, those are the tracks. And the jumping pit is over there.
#Person1#: Ah... I see. Hey, look the sign here, No climbing.
#Person2#: We put many signs with English translations for foreign visitors.",#Person1# thinks the Olympic park is big. #Person2# introduces the stadium to #Person1# and shows #Person1# the signs.
test_5,"#Person1#: I've had it! I am done working for a company that is taking me nowhere!
#Person2#: So what are you gonna do? Just quit?
#Person1#: That's exactly what I am going to do! I have decided to create my own company! I am going to write up a business plan, get some investors and start working for myself!
#Person2#: Have you ever written up a business plan before?
#Person1#: Well, no, it can't be that hard! I mean, all you have to do is explain your business, how you are going to do things and that's it, right?
#Person2#: You couldn't be more wrong! A well written business plan will include an executive summary which highlights the idea of the business in two pages or less. Then you need to describe your company with information such as what type of legal structure it has, history, etc.
#Person1#: Well, that seems easy enough.
#Person2#: Wait, there is more! Then you need to introduce and describe your goods or services. What they are and how they are different from competitors? Then comes the hard part, a market analysis. You need to investigate and analyze hundreds of variables! You need to take into consideration socioeconomic factors from GDP per capita to how many children on average the population has! All this information is useful so that you can move on to your strategy and implementation stage, where you will describe in detail how you will actually execute your idea.
#Person1#: Geez. Is that all?
#Person2#: Almost, the most important piece of information for your investors will be the financial analysis. Here you will calculate and estimate sales, cash flow and profits. After all, people will want to know when they will begin to see a return on their investment!
#Person1#: Umm. I think I ' ll just stick to my old job and save myself all the hassle of trying to start up a business!","#Person1# decides to create #Person1#'s own company but #Person2# tells #Person1# that writing up a business plan is not easy. #Person2# explains that a well-written business plan includes an executive summary, a description of the company, an introduction of goods or services, a market analysis, a strategy and implementation stage, and a financial analysis. #Person1# thinks it's too much trouble and decides to stick to #Person1#'s old job."
test_6,"#Person1#: What's wrong with you? Why are you scratching so much?
#Person2#: I feel itchy! I can't stand it anymore! I think I may be coming down with something. I feel lightheaded and weak.
#Person1#: Let me have a look. Whoa! Get away from me!
#Person2#: What's wrong?
#Person1#: I think you have chicken pox! You are contagious! Get away! Don't breathe on me!
#Person2#: Maybe it's just a rash or an allergy! We can't be sure until I see a doctor.
#Person1#: Well in the meantime you are a biohazard! I didn't get it when I was a kid and I've heard that you can even die if you get it as an adult!
#Person2#: Are you serious? You always blow things out of proportion. In any case, I think I'll go take an oatmeal bath.",#Person2# feels itchy and #Person1# thinks #Person2# has chicken pox. #Person2# doesn't think so and will go take an oatmeal bath.
test_7,"#Person1#: Good coming. What can I do for you?
#Person2#: I'm in Room 309. I'm checking out today. Can I have my bill now?
#Person1#: Certainly. Please wait a moment. Here you are.
#Person2#: Thanks. Wait... What's this? The 30 dollar for?
#Person1#: Excuse me... The charge for your laundry service on Nov. 20th.
#Person2#: But I did't take any laundry service during my stay here. I think you have added someone else's.
#Person1#: Ummmm...Sorry, would you mind waiting a moment? We check it with the department concerned.
#Person2#: No. As long as we get this straightened out.
#Person1#: I'm very sorry. There has been a mistake. We'll correct the bill. Please take a look.
#Person2#: Okay, here you are.
#Person1#: Goodbye.",#Person2# finds the bill has added someone else's laundry service. #Person1# corrects the bill for #Person2#.
test_8,"#Person1#: Steven, I need badly your help.
#Person2#: What's the matter?
#Person1#: My wife has found that I have an affair with my secretary, and now she is going to divorce me.
#Person2#: How could you cheat on your wife? You have been married for ten years.
#Person1#: Yes, I know I'm wrong. But I swear that the affair lasts only for two months. And I still love my wife. I couldn't live without her.
#Person2#: I will try my best to persuade her to reconsider the divorce. But are you sure that from now on you will be faithful to her forever?
#Person1#: Yes, I swear.",#Person1# asks Steven for help because his wife is going to divorce him for his affair with his secretary. #Person1# promises he will be faithful to his wife forever.
test_9,"#Person1#: Who stands out in your mind as a man or woman of sound character?
#Person2#: If I think of famous people, I think of Abraham Lincoln.
#Person1#: He's the US president, who walked five miles just to give a lady her change, isn't he?
#Person2#: That's the one. He also was famous for never giving up on his goals.
#Person1#: That's right. He ran for office quite a few times before he was finally elected.
#Person2#: And I also admire him for his courage in fighting for equal rights.
#Person1#: He had great vision, didn't he?
#Person2#: And humility. I would have liked to meet him personally.",#Person2# thinks Abraham Lincoln is a man of sound character because he never gave up on his goals and fought for equal rights.
test_10,"#Person1#: Where are you going for your trip?
#Person2#: I think Hebei is a good place.
#Person1#: But I heard the north of China are experiencing severe sandstorms!
#Person2#: Really?
#Person1#: Yes, it's said that Hebes was experiencing six degree strong winds.
#Person2#: How do these storms affect the people who live in these areas?
#Person1#: The report said the number of people with respiratory tract infections tended to rise after sandstorms. The sand gets into people's noses and throats and creates irritation.
#Person2#: It sounds that sandstorms are trouble for everybody!
#Person1#: You are quite right.",#Person1# tells #Person2# about the severe sandstorms in Hebei. #Person2# feels it's trouble for everybody.
test_11,"#Person1#: Welcome to my birthday party, I am so happy you can come.
#Person2#: Thanks for inviting me. Here is the gift for you. Happy birthday, Francis! Many more happy and healthy years for you!
#Person1#: Thank you, shall I open it now?
#Person2#: Yes, please do.
#Person1#: Wow, a remote car model and my favorite brand. I really like it. That is so nice of you.
#Person2#: Yeah, I was really struggling whether I should give you this nice little car. It was the last one they had and I really like it so much myself.
#Person1#: Typical you, always wanting to keep the best things for yourself. The more I appreciate the gift now.",#Person2# gives Francis a remote car model as a birthday gift. Francis likes it very much.
test_12,"#Person1#: Hi, Tony. You look unhappy. What's wrong?
#Person2#: Oh, Steven, I made a big mistake.
#Person1#: What happened?
#Person2#: I really wish I hadn't done it.
#Person1#: What on earth are you talking about?
#Person2#: I got caught cheating. I feel so ashamed. The teacher saw me and told me I failed.
#Person1#: What were you thinking?
#Person2#: You know my father. If I fail, he'll kill me. I have to do well.
#Person1#: But what you should do is study hard.
#Person2#: I know. . . I know. . . it's all my fault. I feel awful that I didn't study, and I cheated, and I got caught.
#Person1#: So long as you learn from your mistakes.",Tony tells Steven he cheated in the test and got caught. Steven thinks Tony should study hard instead of cheating.
test_13,"#Person1#: What time is it, Tom?
#Person2#: Just a minute. It's ten to nine by my watch.
#Person1#: Is it? I had no idea it was so late. I must be off now.
#Person2#: What's the hurry?
#Person1#: I must catch the nine-thirty train.
#Person2#: You've plenty of time yet. The railway station is very close. It won't take more than twenty minutes to get there.",#Person1# must catch the nine-thirty train. Tom thinks #Person1# has plenty of time.
test_14,"#Person1#: I don't know how to adjust my life. Would you give me a piece of advice?
#Person2#: You look a bit pale, don't you?
#Person1#: Yes, I can't sleep well every night.
#Person2#: You should get plenty of sleep.
#Person1#: I drink a lot of wine.
#Person2#: If I were you, I wouldn't drink too much.
#Person1#: I often feel so tired.
#Person2#: You better do some exercise every morning.
#Person1#: I sometimes find the shadow of death in front of me.
#Person2#: Why do you worry about your future? You're very young, and you'll make great contribution to the world. I hope you take my advice.","#Person1# asks #Person2# for advice on how to adjust #Person1#'s life. #Person2# suggests #Person1# sleep well, exercise, and don't worry about the future."
test_15,"#Person1#: Would you like to go to the party tonight?
#Person2#: Whose party?
#Person1#: Ruojia's. Don't you know that? Ruojia has got married.
#Person2#: What! Is she really? I can't believe it!
#Person1#: Yes. Yesterday.
#Person2#: Good gracious. That's incredible! I feel so happy for her!
#Person1#: Yes, me too.
#Person2#: But how do you know that?
#Person1#: I saw the news from her twitter. And she sent an email about it.
#Person2#: What? I didn't receive it!
#Person1#: Maybe you should check your email.
#Person2#: Oh yes, I find it. Tonight at her home. Will you bring something?
#Person1#: Yes, a pair of wineglasses and a card to wish her happy marriage.
#Person2#: I will buy a tea set.",#Person1# invites #Person2# to Ruojia's party. #Person2# feels happy for Ruojia and will buy a tea set.
test_16,"#Person1#: Yeah. Just pull on this strip. Then peel off the back.
#Person2#: You might make a few enemies this way.
#Person1#: If they don't think this is fun, they're not meant to be our friends.
#Person2#: You mean your friends. I think it's cruel.
#Person1#: Yeah. But it's fun. Look at those two ugly old ladies. . . or are they men?
#Person2#: Hurry! Get a shot!. . . Hand it over!
#Person1#: I knew you'd come around. . .",#Person1# and #Person2# are playing a prank on some people. #Person2# thinks it's cruel but #Person1# thinks it's fun.
test_17,"#Person1#: What does your sister look like, Mike?
#Person2#: Well, she's tall and pretty.
#Person1#: Is she like you?
#Person2#: I suppose so. We're both friendly and easy-going.
#Person1#: Is she as clever as you?
#Person2#: No, she's not as clever as me.
#Person1#: Big head!",Mike describes his sister to #Person1#.
test_18,"#Person1#: Is anybody in?
#Person2#: How can I help you?
#Person1#: I have a headache.
#Person2#: Let me take your temperature with a thermometer.
#Person1#: OK.
#Person2#: I think you have a small fever.
#Person1#: I thought so. I felt dizzy this morning.
#Person2#: You should've called in sick! Next time, have either of your parents call the school office.",#Person1# has a headache. #Person2# thinks #Person1# has a small fever and asks #Person1# to call in sick next time.
test_19,"#Person1#: Can I help you?
#Person2#: I'd like to buy a new mobile phone please.
#Person1#: Ok, would you like a phone with camera and MP3 player?
#Person2#: Yes please. And I'd like to be able to make video calls too.","#Person2# wants to buy a phone with camera, MP3 player, and video call functions."
test_20,"#Person1#: Hey, Frank. I heard you got a new job.
#Person2#: Yeah, Judy. I will be working for the Post Office. It's not a bad job.
#Person1#: Is it true that you have a heavy work schedule?
#Person2#: That's right. I am supposed to work at 5am everyday, and I only get 45 minutes for lunch.
#Person1#: So, why did you apply for such a demanding job?
#Person2#: Well, the government offers its employees excellent health insurance benefits.
#Person1#: Oh, I see. And can your family members utilize the health insurance, too?
#Person2#: Yeah, that's the best part. All of my children can get free medical care.
#Person1#: That's a great employment benefit!
#Person2#: Now you know why I wanted to work for the Post Office!",Frank tells Judy he got a new job at the Post Office. Judy is surprised because the job is demanding. Frank says he wants to get the health insurance benefits.
test_21,"#Person1#: Do you have any special skills?
#Person2#: I can write computer programs, I have a good command of secretarial skills.
#Person1#: What qualifications have you got?
#Person2#: I have a doctor license and a driving license.
#Person1#: Do you get special training in office skills?
#Person2#: I passed both the Cambridge Examinations, First Certificate and the Certificate of Proficiency in English. And studied for a year in London at the Lucas Secretarial College, ending with speeds of 120 words per minute in English shorthand and 50 words per minute in typing. I was also trained in office procedure.
#Person1#: Please tell me about work you have done, which qualifies you for this job.
#Person2#: I'Ve received some special training in typing, shorthand and operating a fax machine, etc. . I'm experienced in IBM-PC. I can operate familiarly a word-processor, a fax machine, a photo and other office equipment.","#Person2# tells #Person1# about #Person2#'s special skills, qualifications, and work experience which qualify #Person2# for this job."
test_22,"#Person1#: Excuse me.
#Person2#: Yes, sir. Can I help you?
#Person1#: Um, this steak, I asked for to be medium rare.
#Person2#: Medium rare, that's right, sir. I remember your order.
#Person1#: Well, I'm afraid it isn't. It's a bit too well done and rather tough. Would you mind changing?
#Person2#: If it is not to your satisfaction, I'll certainly bring you another. But I'm afraid you may have to wait for a few minutes.
#Person1#: Yes, that's all right. Thank you very much.",#Person1# tells #Person2# the steak he ordered is too well done. #Person2# will bring another.
test_23,"#Person1#: Tom, I've got good news for you.
#Person2#: What is it?
#Person1#: Haven't you heard that your novel has won The Nobel Prize?
#Person2#: Really? I can't believe it. It's like a dream come true. I never expected that I would win The Nobel Prize!
#Person1#: You did a good job. I'm extremely proud of you.
#Person2#: Thanks for the compliment.
#Person1#: You certainly deserve it. Let's celebrate!",#Person1# tells Tom his novel has won the Nobel Prize. Tom feels excited and thankful.
test_24,"#Person1#: What makes you think you are able to do the job?
#Person2#: My major is Automobile Designing and I have received my master's degree in science. I think I can do it well.
#Person1#: What kind of work were you responsible for in the past employment?
#Person2#: I am a student engineer who mainly took charge of understanding of the mechanical strength and corrosion resistance of various materials.",#Person1# interviews #Person2# about #Person2#'s qualifications for the job.
test_25,"#Person1#: Do you drink much?
#Person2#: Depending on what you consider a lot.
#Person1#: How frequently do you drink?
#Person2#: Couple times a week. How about you?
#Person1#: Only when I go out. I'm not a big drinker.
#Person2#: How much can you drink?
#Person1#: I usually only have 2 beers.
#Person2#: You're a light weight.
#Person1#: How much can you drink?
#Person2#: I'm usually drinking all night long. At least 10 drinks.
#Person1#: Don't you spend a lot of money then?
#Person2#: No. We usually go to places that have specials. Dante's over on the Ave has $ 5. 00 pitchers on Mondays. So for ten, fifteen bucks, I can get a lot of drinks.
#Person1#: That's true.
#Person2#: If you don't like beer, have you tried mixed drinks? Some of them are pretty good.
#Person1#: I like beer, it's just that I get a headache when I drink more than 3.
#Person2#: You just have to build up a tolerance. I used to be like that. But your body gets used to it.
#Person1#: It'll take awhile, but I'm working on it.
#Person2#: Hey let's go out tomorrow night. The Ram Bar and Grill is having a special on pitchers.
#Person1#: Alright.",#Person1# is a light drinker and #Person2# is a heavy drinker. #Person2# recommends #Person1# build up a tolerance to beer and invites #Person1# to the Ram Bar and Grill.
test_26,"#Person1#: May, do you mind helping me prepare for the picnic?
#Person2#: Sure. Have you checked the weather report?
#Person1#: Yes. It says it will be sunny all day. No sign of rain at all. This is your father's favorite sausage. Sandwiches for you and Daniel.
#Person2#: No, thanks Mom. I'd like some toast and chicken wings.
#Person1#: Okay. Please take some fruit salad and crackers for me.
#Person2#: Done. Oh, don't forget to take napkins disposable plates, cups and picnic blanket.
#Person1#: All set. May, can you help me take all these things to the living room?
#Person2#: Yes, madam.
#Person1#: Ask Daniel to give you a hand?
#Person2#: No, mom, I can manage it by myself. His help just causes more trouble.",May helps her mom prepare for a picnic. They have different tastes in food. May can manage it by herself.
test_27,"#Person1#: Hello, are you Muriel Douglas?
#Person2#: Yes, and you must be James. It's nice to meet you at long last.
#Person1#: Yes, you too. Thanks for agreeing to meet with us about the new account. My associate, Susan Kim, should be here any minute. Would you like something to drink while we're waiting?
#Person2#: No, thanks. I'm fine. Did you have a nice holiday?
#Person1#: Yes, I did. My family and I went to Tahoe to ski and the weather was great. How about you?
#Person2#: I stayed in L. A. and it was sunny the entire weekend. We spent most of the time at home but we did go see King Kong on Christmas day.
#Person1#: How did you like it?
#Person2#: It was better than I expected. But, you know, I think I would have enjoyed skiing in Tahoe even better. Do you go there often?
#Person1#: No, not much. My wife doesn't like to ski. She prefers vacationing where it's warmer, like Hawaii.
#Person2#: I don't blame her. I really enjoyed it there when we went a few years ago. I'd like to go back sometime soon.
#Person1#: Yes, me too. Oh, here's Susan now. Let me introduce you.",James and Susan are meeting Muriel Douglas to talk about the new account. They share their experiences of the holidays.
test_28,"#Person1#: Stupid girl, making me spend so much money, now I have to get it from the ATM...
#Person2#: Hello, welcome to Universal Bank. Please insert your card into the slot.
#Person1#: I know where to put my card! Stupid machine, talking to me like I ' m an idiot...
#Person2#: Please input your 6 digit PIN code followed by the pound key. Thank you. Please select an option. Thank you. You have selected withdrawal.
#Person1#: Yeah, yeah, I know what I selected. Just gimme my money!
#Person2#: Please type the amount you would like to withdraw. Thank you, you want to transfer 10000 USD to the World Wildlife Foundation. If this is correct please press 1.
#Person1#: No, no! Stupid machine, what are you doing! No!
#Person2#: Confirmed. Thank you for using our bank! Please remove your card from the slot. Goodbye!
#Person1#: No, no way! What happened? Give me my money!
#Person2#: Danger, danger! The exits have been sealed and the doors will remain locked in until the local authorities arrive. Thank you for using our bank. Have a nice day.",#Person1# is angry with the ATM that asks #Person1# to transfer 10000 USD to the World Wildlife Foundation and seals the exits.
test_29,"#Person1#: Are you a social person?
#Person2#: Yes, I am an outgoing person who likes to be with a lot of friends.
#Person1#: What is your strategy in communicating with colleagues?
#Person2#: Well, the most important thing in communication is your sincerity.",#Person2# tells #Person1# #Person2# is an outgoing person and the most important thing in communication is sincerity.
test_30,"#Person1#: What's wrong with you, Mr. Polly?
#Person2#: What's wrong? I want a break from this horrible job.
#Person1#: Then, buy a bottle of soft drink.
#Person2#: Would you like to buy a bottle for me in the shop?
#Person1#: It's a problem, because my boss is in that shop now.
#Person2#: Ok, I will go there myself.
#Person1#: Sorry, Mr. Polly.
#Person2#: It doesn't matter. Oh, God, I have only four dollars in my wallet. Is that possible for me to buy one?
#Person1#: Have a try.",Mr. Polly wants a break from his horrible job. #Person1# asks him to buy a bottle of soft drink but Mr. Polly has only four dollars.
test_31,"#Person1#: Hello, this is Francis.
#Person2#: Hi, this is Monica. I was wondering when we can work on this financial report.
#Person1#: Today, I am busy all day long.
#Person2#: Shall I see you on Friday morning?
#Person1#: That's not good for me at all. It'll have to be another time.
#Person2#: We must find some time to read report.
#Person1#: I know. I am available from 1 PM to 4 PM on Friday afternoon.
#Person2#: That's all right. Then see you on Friday afternoon.
#Person1#: See you.",Monica calls Francis to work on the financial report. Francis is busy today but they will meet on Friday afternoon.
test_32,"#Person1#: Is this the workshop to prepare for an interview?
#Person2#: This is the interview class. Welcome to our class.
#Person1#: I am really excited to be taking this workshop so that I can get ready for my interview next week.
#Person2#: We are all learning things that will help us in our interview. What do you think are some important considerations going into your interview?
#Person1#: I think that we should dress neatly and appropriately.
#Person2#: Yes. Second, as you can imagine, attitude and friendliness go a long way.
#Person1#: Yes, and I always feel much better when I am friendly.
#Person2#: Believe it or not, the interviewers are as interested in your questions as they are in your answers.
#Person1#: Any more hints as to what I should do in an interview?
#Person2#: Always be honest with your answers. The interviewers really do want to know if you will be a good fit for them.","#Person1# is taking the interview class and #Person1# thinks dressing neatly and appropriately, being friendly, and being honest are important considerations going into an interview."
test_33,"#Person1#: OK, that's a cut! Let's start from the beginning, everyone.
#Person2#: What was the problem that time?
#Person1#: The feeling was all wrong, Mike. She is telling you that she doesn't want to see you any more, but I want to get more anger from you. You're acting hurt and sad, but that's not how your character would act in this situation.
#Person2#: But Jason and Laura have been together for three years. Don't you think his reaction would be one of both anger and sadness?
#Person1#: At this point, no. I think he would react the way most guys would, and then later on, we would see his real feelings.
#Person2#: I'm not so sure about that.
#Person1#: Let's try it my way, and you can see how you feel when you're saying your lines. After that, if it still doesn't feel right, we can try something else.",#Person1# thinks Mike's acting is wrong and asks him to try it #Person1#'s way first. Mike isn't sure but agrees.
test_34,"#Person1#: Well, I'll see you later, Mrs. Todd. My wife is waiting for me to take her shopping.
#Person2#: I understand. There's a lot to get done at weekends, especially when you two work and the children are small.
#Person1#: That's right. Jane and I have been talking about visiting you. So when I saw you in the garden, I decided to come over and say hello.
#Person2#: I'm glad you did. In fact, I should have called on you first, since you have newly moved here.
#Person1#: By the way, do you need anything from the store?
#Person2#: No, but thanks for the offer. And thank you for coming over.
#Person1#: It's a pleasure.",#Person1# visits Mrs. Todd and says hello. Mrs. Todd thanks him for coming over.
test_35,"#Person1#: What's the matter, Bill? You look kind of pale.
#Person2#: Oh, I'm just tired.
#Person1#: Why?
#Person2#: Well, I've been working until around ten every night this week.
#Person1#: You should go home at quitting time today and take it easy.
#Person2#: Yes. I think I will.
#Person1#: That's good. Say, how's your brother?
#Person2#: He's fine, but he is awfully busy. He went to the States on a business trip two weeks ago.
#Person1#: Oh, really? Is he back yet?
#Person2#: No, he won't come back for several more weeks.
#Person1#: Wow! He must have a lot to do there.
#Person2#: Yes, he does.
#Person1#: I want to be sure of the time because I'm going to meet a friend at five o'clock sharp.
#Person2#: Well, my watch says 4:30, and that time should be right. I set it with the radio yesterday.
#Person1#: Good.",Bill tells #Person1# he looks pale because he's been working until around ten every night this week. He also tells #Person1# his brother is awfully busy and went to the States on a business trip.
test_36,"#Person1#: Are you going to the demonstration to help stop the spread of nuclear weapons tomorrow, Cleo?
#Person2#: No, Simon. I hate demonstrations. I have heard the police will be standing by with tear gas.
#Person1#: Yes, but North Korea boasts it has nuclear arms.
#Person2#: One hundred ninety countries have signed the Nuclear Non-Proliferation Treaty but the issues are just too complex. There are two sides to every story. I don't understand it and I have no intention of going to a demonstration. Demonstrations don't seem to accomplish anything anyway.
#Person1#: Several demonstrations have changed politician's minds throughout history. As a responsible citizen I think it is important to stand up for what you believe in.
#Person2#: Leave it to someone else. As I said, if you listen to both sides of a story, both sides have some good points. Why should I demonstrate and risk getting hurt for something that I am not even sure is right?
#Person1#: You are not likely to get hurt. This will be a peaceful demonstration. I have spoken to the organizer for the university group. He insists that this will be peaceful. He advocates if you want world peace, peace begins at home-and that means right here in this city.
#Person2#: You go if you want, Simon, but I plan to study for my physics exam.
#Person1#: It would only take two hours of your day. The bus leaves the campus at 11:30 and leaves downtown to return to campus at 12:45. You could eat your lunch on the bus.
#Person2#: I am not going, Simon. Why don't you ask the students in your political science class this afternoon if they want to go?
#Person1#: They are all going.
#Person2#: Okay, Simon. I need to meet my sister for coffee now.
#Person1#: Bye then. See you in physics class tomorrow.",Simon invites Cleo to the demonstration to help stop the spread of nuclear weapons tomorrow. Cleo refuses because she hates demonstrations and she thinks it doesn't accomplish anything. Simon insists that the demonstration will be peaceful and invites Cleo to ask the students in her political science class. Cleo refuses.
test_37,"#Person1#: It's partly your own fault. You should never let in anyone like that unless you're expecting him.
#Person2#: It's all very well to say that, but someone cones to the door and says 'electricity' or 'gas' and you automatically think he is OK, especially if he shows you a card.",#Person1# thinks it's #Person2#'s fault to let someone in. #Person2# thinks it's understandable.
test_38,"#Person1#: Maggie, can I borrow your notes for history? I'll return them tomorrow.
#Person2#: Sorry, but I usually go to the cafeteria and review them. Why not copy them in the library?
#Person1#: OK.
#Person2#: Here you are.
#Person1#: You are a great help, Maggie.
#Person2#: I don't quite understand a why you need my notes, Mark? You haven't missed any classes.
#Person1#: To be honest, I work in supermarket from 7 to 10 o'clock every evening.
#Person2#: I see. So you're pretty tired when you come to class.
#Person1#: That's exactly why I want to borrow your notes. My notes aren't very good.
#Person2#: So what do you usually do in class?
#Person1#: I'm always awake at the beginning, but thirty minutes after class begins I feel sleepy and have trouble keeping my eyes open.
#Person2#: Well, I need someone to study with and you need someone to keep you awake. Can we be study partners?
#Person1#: Oh sure. That's a good idea. So give me a push when you see me sleeping in class.
#Person2#: OK. Let's start today in the library. We are going there anyway and I don't have to go to the cafeteria.
#Person1#: Sounds good.",Mark wants to borrow Maggie's notes for history because he works in the supermarket from 7 to 10 o'clock every evening and feels tired in class. Maggie agrees. They decide to be study partners.
test_39,"#Person1#: Come in, come in! Can I help you?
#Person2#: Professor Turner, are you giving your Advanced Geology course again next semester?
#Person1#: Yes.
#Person2#: I wonder if I could enroll in it, I know it's a graduate course and I'm only a junior, but...
#Person1#: Aren't you a bit young? I've allowed qualified seniors to take the course and they usually have a hard time to keep up.
#Person2#: I know, but the geology of the American West is my favorite interest and I've read a lot in the field. Last semester I took Professor Burman's course and I didn't find it challenging enough.
#Person1#: I see. You certainly aren't one of those students who are out for easy grades.
#Person2#: I should say not. I really want to learn something.
#Person1#: Well, I'll speak to Professor Burman, if he thinks you're ready, I'll let you enroll.
#Person2#: Oh, thanks. Prof. Turner, that's very nice of you.",#Person2# wants to enroll in Professor Turner's Advanced Geology course but #Person2# is only a junior. Turner will speak to Professor Burman and let #Person2# enroll if Burman thinks #Person2# is ready.
test_40,"#Person1#: Hello, I bought the pendant in your shop, just before. 
#Person2#: Yes. Thank you very much. 
#Person1#: Now I come back to the hotel and try to show it to my friend, the pendant is broken, I'm afraid. 
#Person2#: Oh, is it? 
#Person1#: Would you change it to a new one? 
#Person2#: Yes, certainly. You have the receipt? 
#Person1#: Yes, I do. 
#Person2#: Then would you kindly come to our shop with the receipt by 10 o'clock? We will replace it. 
#Person1#: Thank you so much. ",#Person2# tells #Person1# to come to the shop with the receipt by 10 o'clock so that #Person2# will replace #Person1#'s broken pendant.
test_41,"#Person1#: What do you think of this one? 
#Person2#: Eh, so so. 
#Person1#: And this one? Too flashy? 
#Person2#: Nah, not too flashy. 
#Person1#: Uhg! And this sweater from my aunt? Isn't it hideous? 
#Person2#: I guess. 
#Person1#: Are you even listening? I'm trying to have a conversation with you. 
#Person2#: And I'm trying to watch the game, but you're yapping on about your new clothes! 
#Person1#: Well I have to decide which gifts to keep and which to exchange for better ones when I go to the Boxing Day sales this afternoon! 
#Person2#: Well could you do me the favor of making this quick? It's the third quarter and you've been blabbering on since the first! 
#Person1#: Oh, your precious game. You watch the same game every year, and each year your beloved hometown team loses by at least three goals! 
#Person2#: Oh no you didn't. You didn't just insult the Sals-bury Seals, did you? Why don't you just. just go and return all of those stupid clothes and not come back until the sales are over? 
#Person1#: I might just! Enjoy your stupid game! ",FinishReason.SAFETY
test_42,"#Person1#: There are so many jobs to choose from. What do you want to do?
#Person2#: I think working in the media could be fun. There's TV, newspapers, the Internet.
#Person1#: Well, let me have a look. Uhm, how about this? You could become a TV news director.
#Person2#: Are you joking? Directing the news would be very stressful.
#Person1#: Well, writing for a magazine would be exciting. How about that?
#Person2#: No, I'm more interested in working with computers. Hey, look, interactive media. I'd like that.","#Person2# wants to work in the media. #Person1# suggests being a TV news director or writing for a magazine, but #Person2#'d like to work with computers."
test_43,"#Person1#: Don't tell me you're bored already?
#Person2#: Well, yeah, I am.
#Person1#: We just got here. You will have to find a way to entertain yourself then.
#Person2#: What can I do? There are just a bunch of boring people giving boring speeches.
#Person1#: Too bad. I have to sit through it, so you do, too. Even if it's a little boring, it's important for me to be here. I have to listen carefully, take notes and then interview some of the speakers afterward. I work for the Daily News after all. Didn't you bring anything to read?
#Person2#: I brought my iPod and some headphones. Would it be rude to listen to some music?
#Person1#: Yes, it would. I might have a few old newspapers in my bag. You could read them. They also have sections with games in them, like crossword puzzles. That will keep you busy for a while.
#Person2#: I hate crosswords. Do the papers have comic sections in them?
#Person1#: You'll probably find some. Now be quiet! Another man is getting up to speak. I really have to pay attention to this one. It's the head of the charity organization.","#Person2# feels bored with the speeches and wants to listen to music, but #Person1# thinks it's rude. #Person1# suggests #Person2# read some old newspapers."
test_44,"#Person1#: Have you ever thought of moving, Sarah?
#Person2#: We thought about it, but my husband and I can't afford it right now.
#Person1#: Buying a house near our company can be expensive, but there are ways to find cheaper houses.
#Person2#: Like what?
#Person1#: Well, you can buy a house far away from the city center. You would definitely save money that way.
#Person2#: That's a good idea.
#Person1#: My sister in law and her husband just bought a house that way. And they're pretty satisfied with it.
#Person2#: Is the house in poor condition?
#Person1#: Not at all, the woman who owned it bought it from her friend and took good care of it. But when she died she had no family left and no will, so the government had to sell it for her.
#Person2#: Was it a very old house?
#Person1#: Yes, it was about 50 years old. There were a few repairs that needed doing but it didn't take a lot of money or time.
#Person2#: Is it in a good location?
#Person1#: The area can be a bit rough in the evening but the neighbors watch out for each other so it's OK.",Sarah and her husband can't afford a house near their company. #Person1# suggests buying a house far away from the city center and tells Sarah about the house #Person1#'s sister-in-law bought.
test_45,"#Person1#: Hello. Welcome to this week's People You Meet. Today, we present to you Mark Leach, an information officer in London.
#Person2#: Hi everyone, my name's Mark Leach. I'm an information officer at the Britain Business Center, which is a tourist office for the British tourist board in London. Here, we offer a tourist information service to mainly visitors from overseas. And each year, we have about 500,000 people come to the office.
#Person1#: Wow. That's a large number of people. How do you manage to meet the needs of so many people?
#Person2#: I'm in charge of an information team. The team has about 10 officers who give tourist information directly over the counter to visitors. We speak a total of 13 languages altogether.
#Person1#: That's pretty cool. So what exactly do you do everyday?
#Person2#: Well, we act as a one stop shop for anyone who wants to come in. So it could be that they want a day trip from London, which is a very popular request. And we can offer suggestions of where to go and how to get there. If people want a two week tour of Britain, we can plan out exactly where to visit, what roads to take.
#Person1#: So, do you have any suggestions for people coming to Britain?
#Person2#: A good suggestion is to see as much as you can. But try to come back again and again to see different parts of the country, because in that way you really experience it.","Mark Leach, an information officer in London, introduces his work to #Person1# and #Person2#. Mark is in charge of an information team and his team has about 10 officers who give tourist information directly to visitors. Mark also gives some suggestions for people coming to Britain."
test_46,"#Person1#: Hello, Lin Fang!
#Person2#: Oh! Hi, Lucy!
#Person1#: What's the next lesson, Lin Fang?
#Person2#: English.
#Person1#: Oh, good! That's my favorite subject.
#Person2#: That's because you always find it so easy. I find it very difficult so I don't like it much.
#Person1#: Nancy finds English quite difficult too. But she says it's her favorite subject.
#Person2#: Yes, I know, and her second favorite subject is math.
#Person1#: Math is my worst. I don't like it. I always get the answers wrong.
#Person2#: So if English is your favorite subject, what's your second favorite?
#Person1#: PE. What about you?
#Person2#: I'm not sure. Both Chinese and science are my favorite subjects. I think I like Chinese a little more than science.
#Person1#: You are very different from Nancy. She doesn't like science at all.","Lucy and Lin Fang talk about their favorite subjects. Lucy likes English, PE, and doesn't like Math. Lin Fang likes Chinese and science."
test_47,"#Person1#: OK, Mrs Thomas. I finished cleaning up the leaves in the yard.
#Person2#: Oh, thank you, James.
#Person1#: I also swept the front steps and took out the garbage. Is there anything else I can help you with?
#Person2#: Can you also take my dog Oscar for a walk?
#Person1#: Sure.
#Person2#: Here is such a prince. Ever since I broke my leg i t has been so difficult to take care of things around the house. My daughter Leah helps out on Mondays and Tuesdays and my son Robbie on Thursdays, but I'm so happy you can come on Saturdays.
#Person1#: Well, I appreciate the weekend work. I'm saving up to buy a bike so I can ride to my basketball practice.
#Person2#: Will you still be able to work for me after you get your bike?
#Person1#: Of course, but don't forget I'm away next weekend visiting my grandfather. My sister Allison will come by instead.
#Person2#: OK.","James helps Mrs. Thomas clean up the leaves, sweep the front steps, and take out the garbage. Mrs. Thomas asks him to take her dog for a walk. James will still work for her after he gets his bike."
test_48,"#Person1#: I think spring is finally here.
#Person2#: Yep, it sure seems like it. However, it's still very cold at night.
#Person1#: Yes, they turned the heat off 6 days ago. It's absolutely freezing in my apartment at night. I have to turn on the air conditioner to blow hot air in order to warm things up a little.
#Person2#: Well, and if you are outside and is a bit of a breeze. It feels cold quickly.
#Person1#: It sure does. I think I'm going to follow my cats example and just sit in the sum that shining in through the windows.",#Person1# thinks spring is here but #Person2# thinks it's still cold. #Person1# has to turn on the air conditioner to blow hot air in order to warm things up.
test_49,"#Person1#: OK, that's a cut. Let's start from the beginning everyone.
#Person2#: What was the problem that time?
#Person1#: The feeling was all wrong, Mike. She is telling you that she doesn't want to see you anymore, but I want to get more anger from you. You're acting hurt and sad, but that's not how your character would act in this situation.
#Person2#: But Jason and Laura had been together for 3 years. Don't you think his reaction would be one of both anger and sadness?
#Person1#: At this point, no. I think he would react the way most guys would and then later on, we would see his real feelings.
#Person2#: I'm not so sure about that.
#Person1#: Let's try it my way and you can see how you feel when you're saying your lines. After that, if it still doesn't feel right we can try something else.",#Person1# tells Mike that he acts hurt and sad when he tells Laura he doesn't want to see her anymore. #Person1# asks Mike to try #Person1#'s way and see how he feels.
test_50,"#Person1#: Taxi!
#Person2#: Where will you go, sir?
#Person1#: Friendship Hotel.
#Person2#: OK, it's not far from here.
#Person1#: I have something important to do, can you fast the speed?
#Person2#: Sure, I'll try my best. Here we are.
#Person1#: It's fast! How much should I pay you?
#Person2#: The reading on the meter is 15 yuan.
#Person1#: Here's 20 yuan, keep the change.
#Person2#: Thank you very much.",#Person1# takes a taxi to Friendship Hotel. #Person2# drives fast and #Person1# pays 20 yuan.
test_51,"#Person1#: I'm broke, and I have to catch another bus.
#Person2#: Why don't you have any money for another bus?
#Person1#: I got hungry and bought some chips.
#Person2#: That was smart.
#Person1#: Anyway, do you have any change I can use for the bus?
#Person2#: I don't have any.
#Person1#: I don't know how I'm going to get home.
#Person2#: Get a transfer from the bus driver.
#Person1#: How much is a transfer?
#Person2#: It doesn't cost anything.
#Person1#: That's great! Thanks for your help.
#Person2#: You know what? Don't mention it.",#Person1# is broke and needs to catch another bus. #Person2# tells #Person1# to get a transfer from the bus driver.
test_52,"#Person1#: How long does it take to get to downtown from here?
#Person2#: It is 15 minutes ' drive.
#Person1#: What companies do we have in our neighborhood?
#Person2#: Mitsubishi, HP, IBM and many other famous corporations.
#Person1#: Does the 7th floor belong to our company too?
#Person2#: Yes, our company has two floors, the 6th and 7th floor in this building.
#Person1#: It ' s such a large firm. Do we have our own staff restaurant?
#Person2#: Yes, at the end of the hall.","#Person2# tells #Person1# the time to downtown, the companies in their neighborhood, the location of their company, and their staff restaurant."
test_53,"#Person1#: Did you hear about Lulu?
#Person2#: No, what?
#Person1#: She and Vic broke up and now she ' s asked for a transfer.
#Person2#: Get out of here! I didn ' t even know they were dating!
#Person1#: No one really did. They were very discreet and professional at the office.",#Person1# tells #Person2# that Lulu asked for a transfer because she broke up with Vic.
test_54,"#Person1#: Hello, 332440.
#Person2#: Oh hello, Sally. This is Dave Thomson here. Could I speak to Jim please?
#Person1#: I'm afraid he's not in at the moment Dave. He went out about an hour ago and he's not back yet.
#Person2#: Any idea when he might be back?
#Person1#: Well, he shouldn't be long. He said he was just going to get some paint. But I wouldn't be surprised if he's stopped off at the pub on the way back.
#Person2#: OK. well, tell him I've called, will you, and I'll try again later.
#Person1#: All right. Goodbye, Dave.
#Person2#: Thanks then Sally. Goodbye.",Dave calls Sally to speak to Jim. Jim is not in at the moment. Sally will tell Jim that Dave has called.
test_55,"#Person1#: Excuse me. Can you tell me how to get to City Hall?
#Person2#: Yes. Go to the next corner and turn left onto Center Street. Walk three blocks to Second Avenue and turn right. Walk two more blocks and you'll see City Hall on the left.
#Person1#: I'm sorry. I didn't follow you. Could you please repeat that?
#Person2#: Okay. First, go to the next corner and turn left onto Center Street.
#Person1#: Uh-huh.
#Person2#: Then, walk three blocks to Second Avenue an turn right. Are you with me so far?
#Person1#: Yes. I'm following you.
#Person2#: Then, walk two more blocks an you ' ll see City Hall on the left. Have you got all that?
#Person1#: Yes. Now I've got it. Thank you very much.",#Person2# tells #Person1# the way to City Hall in detail. #Person1# repeats and finally understands.
test_56,"#Person1#: Excuse me, could you help me?
#Person2#: Yes, what seems to be the problem?
#Person1#: Well. I was wondering if anyone has turned in a passport?
#Person2#: I am afraid not. Have you lost your passport?
#Person1#: I think so. I can't find it anywhere in my hotel room and I remember the last place I used it yesterday was in this department store.
#Person2#: Where exactly did you use your passport in the store?
#Person1#: In the shoe department. I had to show it to pay for these shoes with my traveler's cheques.
#Person2#: Well, let me call the shoe department to see if they'Ve found a passport. Sorry, your passport hasn't turned up there either.
#Person1#: Then what shall I do?
#Person2#: You can fill in this lost property report and I will keep my eye out for it. These kinds of things usually turn up eventually, but I suggest you contact your embassy and tell them about your situation, so they can issue you a new passport in case it doesn't show up.
#Person1#: You are right. Do you have a pen?
#Person2#: Here you are.
#Person1#: Oh, I seem to lose something every time I travel.",#Person1# lost #Person1#'s passport and asks #Person2# for help. #Person2# suggests #Person1# fill in the lost property report and contact the embassy.
test_57,"#Person1#: Hello?
#Person2#: Good morning, Nathaniel. This is Leah calling from the International Student Office.
#Person1#: Good morning.
#Person2#: The reason I'm calling is because Ms. Collins will not be able to call you back until next week.
#Person1#: Oh. I had hoped she would have called me back yesterday.
#Person2#: She's terribly sorry about that. She had to leave the office suddenly and won't be able to return until next week. She hopes you understand.
#Person1#: Is there someone else I can talk to?
#Person2#: She asked me to call you to book an appointment with someone else today. When are you free today?
#Person1#: Any time after 2 pm today would be good for me.
#Person2#: Mr. Liu is available at 2:15 today. Will that work for you?
#Person1#: I'd prefer to speak with Ms. Fonda.
#Person2#: I'm afraid she isn't available this afternoon. She has an opening at 11:30 this morning. Will that work for you?
#Person1#: that will be fine.
#Person2#: Ok, we'll be expecting you at 11:30. See you then.",Leah calls Nathaniel to tell him Ms. Collins won't be able to call him back until next week. She books an appointment with Ms. Fonda for Nathaniel at 11:30 this morning.
test_58,"#Person1#: When she told me that she would marry no man but Dick, my heart was almost in my mouth.
#Person2#: You were scared, too? I dared not tell you my feeling when I heard that. I almost got fainted.
#Person1#: I could not and can't make out the reason why she would set her heart on a man like Dick. He plays the field with many girls.
#Person2#: But Sarah says she does not care, so long as he loves her.",#Person1# and #Person2# are surprised that Sarah would marry Dick.
test_59,"#Person1#: this party rocks!
#Person2#: you said it. Good beer, good music, and on top of that, there are so many hot girls here!
#Person1#: I'm with you on that. Check out that one over there. I think I'm in love!
#Person2#: well, she's alright, but not really my cup of tea. What about the blond with the red dress?
#Person1#: oh, that's Janice. She's just new in town. You have a thing for blonds, eh?
#Person2#: yeah! She could do anything she wants to me!
#Person1#: I bet. Why not go over and talk to her? She's really nice.
#Person2#: I don't think so. I get so nervous talking to girls. I always put my foot in my mouth, scare her off, and end up looking like a real fool. Besides, she is way out of my league.
#Person1#: come on! Man up! You'll never know until you try.
#Person2#: okay okay, just let me have another cup of beers to get my head in the game.
#Person1#: all right. But I think you ought to move soon.
#Person2#: why?
#Person1#: I can see five other guys eying her up.
#Person2#: okay, here I go!
#Person1#: good luck!","#Person1# and #Person2# are at a party. #Person2# likes Janice, but he's too nervous to talk to her. #Person1# encourages him to try. #Person2# decides to have another cup of beers to get his head in the game."
test_60,"#Person1#: Hey Jack. How were your classes this semester?
#Person2#: They were not too bad. I really liked my poli-sci class.
#Person1#: Would you consider it your favorite class?
#Person2#: I don't know if I would call it my favorite, but it ranks up there.
#Person1#: What class was your favorite then?
#Person2#: I took a business communication class last year and it was terrific.
#Person1#: I never took that yet. If that was your favorite, I think I will check it out.",Jack tells #Person1# his favorite class is business communication. #Person1# will check it out.
test_61,"#Person1#: Well, what a nice day!
#Person2#: Yeah, the air is really fresh.
#Person1#: But it was not at all so fine yesterday.
#Person2#: Because it rained last night.
#Person1#: Did it?
#Person2#: It sure did. It was a heavy storm, with lots of thunder.
#Person1#: I was fast asleep, and didn't hear a thing.
#Person2#: Well, it may rain again later today.
#Person1#: Maybe. I see some dark clouds moving in.
#Person2#: There may also be a strong wind coming in.
#Person1#: It'll be dusty, too, I guess.
#Person2#: Maybe not. Dust is no longer a big problem in Beijing.
#Person1#: Why is that?
#Person2#: We've been planting trees for many years.
#Person1#: I see. The fall in Beijing is really beautiful.
#Person2#: But the summer isn't. It's scorching in the summer.
#Person1#: Then what about spring?
#Person2#: Spring is warm and short in Beijing.
#Person1#: It must be cold in the winter, though.
#Person2#: You got it. Oh, by the way, it may be really cool in the evening around this time of the year. Don't forget to put on more clothes, or you might catch a cold.
#Person1#: Thanks for reminding me.
#Person2#: You're welcome.","#Person1# and #Person2# are talking about the weather. They talk about the weather yesterday, today, and the four seasons in Beijing."
test_62,"#Person1#: Would you like to go to the movies tonight?
#Person2#: Well, I just saw a horror movie last night. It almost frightened me to death.
#Person1#: Well, we could see something different like a detective film.
#Person2#: I don't care for a detective film. It also makes me nervous.
#Person1#: How about a comedy?
#Person2#: No, I don't think comedies today are natural or cheerful.
#Person1#: How about a love story then?
#Person2#: No, romance is boring.
#Person1#: What's you opinion?
#Person2#: Let's go to see a war movie, shall we?
#Person1#: Really?
#Person2#: Certainly. Is there anything wrong?
#Person1#: No, but I can't imagine that a girl like you would wonder to see a war movie.","#Person1# invites #Person2# to a movie tonight but #Person2# doesn't like any genre of film. Finally, #Person2# suggests seeing a war movie."
test_63,"#Person1#: Adam, could you show me around the school?
#Person2#: No problem.
#Person1#: What's the tallest building?
#Person2#: You mean the white building near the playground?
#Person1#: Yes.
#Person2#: That is the library. And it has more than 1, 000, 000 books.
#Person1#: What's the building to the south of the library?
#Person2#: You know, our school is divided into two parts, the junior high school and the senior high school. That is the new classroom building for our senior high school.
#Person1#: Is there a swimming pool in your school?
#Person2#: Yes. There is a large swimming pool, but it is only available in summer.
#Person1#: I do envy you. And I hope I can enter your school one day.
#Person2#: I believe that you can make your dream come true.","Adam shows #Person1# around the school and introduces the tallest building, the new classroom building, and the swimming pool."
test_64,"#Person1#: Honey, I've got good news for you.
#Person2#: What is it?
#Person1#: You are going to be a father.
#Person2#: What? Do you mean that you are pregnant? Is it true?
#Person1#: Yes. We'll have our baby soon.
#Person2#: Oh, dear, I'm so happy.
#Person1#: Me, too.",#Person1# tells #Person2# #Person2# is going to be a father.
test_65,"#Person1#: John dates her seven times a week.
#Person2#: Really? That's a straws in the wind.
#Person1#: I think so. Maybe he's fallen for her.
#Person2#: Yeah. They suit each other. A perfect match between a man and a girl.",#Person1# and #Person2# think John may have fallen for his girlfriend.
test_66,"#Person1#: Have you considered upgrading your system?
#Person2#: Yes, but I'm not sure what exactly I would need.
#Person1#: You could consider adding a painting program to your software. It would allow you to make up your own flyers and banners for advertising.
#Person2#: That would be a definite bonus.
#Person1#: You might also want to upgrade your hardware because it is pretty outdated now.
#Person2#: How can we do that?
#Person1#: You'd probably need a faster processor, to begin with. And you also need a more powerful hard disc, more memory and a faster modem. Do you have a CD-ROM drive?
#Person2#: No.
#Person1#: Then you might want to add a CD-ROM drive too, because most new software programs are coming out on Cds.
#Person2#: That sounds great. Thanks.",#Person1# suggests #Person2# upgrade the system and hardware. #Person2# thinks it's a good idea and asks #Person1# for details.
test_67,"#Person1#: Where to, miss?
#Person2#: Hi! Crenshaw and Hawthorne, at the Holiday Inn that is on that corner.
#Person1#: Sure thing. So, where are you flying in from?
#Person2#: From China.
#Person1#: Really? You don't look very Chinese to me, if you don't mind me saying so.
#Person2#: It's fine. I am actually from Mexico. I was in China on a business trip, visiting some local companies that manufacture bathroom products.
#Person1#: Wow sounds interesting! Excuse me if I am being a bit nosy but, how old are you?
#Person2#: Don't you know it's rude to ask a lady her age?
#Person1#: Don't get me wrong! It's just that you seem so young and already doing business overseas!
#Person2#: Well thank you! In that case, I am 26 years old, and what about yourself?
#Person1#: I am 40 years old and was born and raised here in the good old U. S of A, although I have some Colombian heritage.
#Person2#: Really? That's great! Do you speak some Spanish?
#Person1#: Uh. . . yeah. . of course!
#Person2#: Que bien! Sentences poems habeas en espanol!",#Person2# tells #Person1# she is from Mexico but looks Chinese. #Person1# asks her age and tells her #Person1#'s age and heritage. #Person2# asks #Person1# whether he speaks Spanish.
test_68,"#Person1#: Oh dear, my weight has gone up again.
#Person2#: I am not surprised, you eat too much.
#Person1#: And I suppose sitting at the desk all day at the office doesn't help.
#Person2#: No, I wouldn't think so.
#Person1#: I do wish I could lose weight.
#Person2#: Well, why don't you go on a diet?
#Person1#: I've tried diets before but they've never worked.
#Person2#: Perhaps you should exercise more. Why don't you go to an exercise class.
#Person1#: Yes, maybe I should.",#Person1# wants to lose weight. #Person2# suggests #Person1# go on a diet or exercise more.
test_69,"#Person1#: Good evening. Welcome to our restaurant.
#Person2#: Good evening. We want a dinning room with a table for eight.
#Person1#: I'm sorry, sir. The rooms are not available now. But would you like to have your dinner in the dinning hall? I can find a table by the window for you.
#Person2#: No, thanks. We have made a reservation before.
#Person1#: Can I have your name, please?
#Person2#: My name is James.
#Person1#: I'll ask waitress to show you the way.
#Person2#: Thanks.",#Person1# helps James find a table for eight in the dining hall because there's no dining room available now.
test_70,"#Person1#: How large is the plant?
#Person2#: It covers an area of 75, 000 square meters.
#Person1#: It's much larger than I expected. When was the plant set up?
#Person2#: In the early 70s. We'll soon be celebrating the 30th anniversary.
#Person1#: Congratulations!
#Person2#: Thank you.
#Person1#: How many employees do you have in this plant?
#Person2#: 500. We're running on three shifts.
#Person1#: Does the plant work with everything from the raw material to the finished product?
#Person2#: Our associates specializing in these fields make some access - ries. Well, here we're at the production shop. Shall we start with the assembly line?
#Person1#: That's fine.","#Person2# tells #Person1# the plant covers an area of 75,000 square meters, was set up in the early 70s and has 500 employees."
test_71,"#Person1#: Right Rebecca. Now I see that after graduating from University your first job was. . .
#Person2#: For a local paper in York called the York Herald. Actually, I started with them as an intern in the beginning. I was really keen on getting some experience in the journalistic world, and this seemed like a good first step.
#Person1#: Certainly. And after your internship?
#Person2#: They seemed impressed, and offered me a position as a junior local news reporter. I ended up staying two years there actually. I was in charge of the sports news section of the newspaper. I really enjoyed it there, and it really helped me build my skills.
#Person1#: Yes I see. But you decided to leave them in 2006, right?
#Person2#: Yes, that's right. My husband and I moved to London, and so I managed to find a position with a National newspaper based in London.
#Person1#: The London Weekly right?
#Person2#: Yes, in some ways it was a step down from my previous job but it did offer me much better prospects for the future.",#Person1# asks Rebecca about her first job and the job after the internship. Rebecca tells #Person1# she left the York Herald in 2006 and moved to London with her husband.
test_72,"#Person1#: We need to do a group report tomorrow. I need to go to the stationer to buy something for the posters.
#Person2#: You need to make posters?
#Person1#: absolutely. Every time when we do the reports, we love making some beautiful posters to emphasize our theme ideas.
#Person2#: I see. Then let's make a shopping list first before we go there. othe rise, It may take us a whole day to search for the things you need.
#Person1#: No problem. I need some markers, some color pencils, a pair of scissors, some highlighter, rulers. .
#Person2#: Wow, it is like a maze, I think I might get lost soon.
#Person1#: Don't worry. In fact, it is very easy to find what you want. Can you see the sign on top of every shelf. It clearly tells you what things are displayed on every shelf.
#Person2#: Oh, yes. You are so smart. I see them. So I have to go to shelf number 3 first to get my markers, color pencils and highlighters and somebrushes.
#Person1#: I also need some thumbtacks, whiteout and paper clips. Which shelf are they on? I can't find the number.
#Person2#: It's at the back. I think you are near-sighted. You had better get yourself a pair of nice glasses.",#Person1# needs to buy something for the posters for a group report. #Person2# suggests making a shopping list first. They go to the stationer and find the things they need.
test_73,"#Person1#: Mary, why are you so tired?
#Person2#: I go to the personnel market every day, and put a lot of energy into it.
#Person1#: Why don't you think about applying for a job on the Internet?
#Person2#: On the Internet? I have never tried that way.
#Person1#: Well, it's very convenient and very popular now.
#Person2#: So how to apply for a job on the Internet?
#Person1#: Just get online and send your application through email to the employer.
#Person2#: But how can I know which employer is hiring?
#Person1#: You could place your job hunting information on the Job Wanted channel on a recruitment website.
#Person2#: Will the employers see my information?
#Person1#: Yes. If they think you are a fit, maybe they will contact you.
#Person2#: Is it safe to job hunt on the Internet?
#Person1#: If you log in some formal websites, it must be very safe.
#Person2#: I will give it a try at once.",Mary is tired of going to the personnel market every day. #Person1# suggests applying for a job on the Internet and tells Mary how to do it.
test_74,"#Person1#: What are you working on?
#Person2#: I'm figuring out my budget.
#Person1#: What budget?
#Person2#: I'm making a shopping budget, so that I don't spend too much money.
#Person1#: How much money can you spend?
#Person2#: I can only spend $ 300 a month.
#Person1#: Why only $ 300?
#Person2#: I need to save the rest.
#Person1#: For what?
#Person2#: I need to pay my bills.
#Person1#: Your budget is a good idea.
#Person2#: I know. It's going to save me a lot of money, I hope.",#Person2#'s figuring out #Person2#'s budget because #Person2# needs to save money to pay #Person2#'s bills.
test_75,"#Person1#: Where are you going, Jane?
#Person2#: I'm going to the hospital to see Susan.
#Person1#: I saw her yesterday. She was a little better.
#Person2#: Must I catch a number 7 bus to get there?
#Person1#: No, you needn't. A number 13 bus will also take you to the hospital.
#Person2#: Number 13 buses run much more frequently, don't they?
#Person1#: Yes. I caught a number 7 bus yesterday, and they said I had taken a wrong bus.
#Person2#: Thank you, Henry. I'll get a number 13.
#Person1#: But number 13 buses leave from the center of town. You'll have to walk two miles to catch one.",Jane is going to the hospital to see Susan. Henry tells Jane how to get there.
test_76,"#Person1#: Hey there! I've been hoping to run into you. Are you busy tomorrow morning?
#Person2#: Let me see. . . Wednesday morning. Yes, I am booked solid all morning. What's up?
#Person1#: I was hoping to talk to you about the sales projections for next year. I'm having a little trouble figuring out how to use the spreadsheet you set up for me. It has a lot of complicated form
#Person2#: I can explain them to you. It'll just take about a half an hour. How about Friday afternoon?
#Person1#: Ooh. Sorry, that's not good for me. I am tied up all day Friday. We'll have to do it next week. I am wide open then.
#Person2#: OK. Shall we say next week, on Tuesday at 2:30?
#Person1#: Sure, that'll be fine for me. I'll come to your office so you can show how you set up these macros.",#Person1# asks #Person2# to explain the sales projections for next year to #Person1#. #Person2# will show how #Person2# set up the macros on Tuesday at 2:30.
test_77,"#Person1#: I'm going to New York for the first time, but I don't have a tour guide. Can you give me any suggestions?
#Person2#: There's a service called 'A friend in New York'. It's a personal tour guide service.
#Person1#: That's interesting. What does it do?
#Person2#: You give them your information by answering a questionnaire and they will create a perfect trip for you according to your budget.
#Person1#: Good. Where can I get the questionnaire?
#Person2#: You can easily download it from their website.
#Person1#: That's helpful! Thanks!",#Person2# recommends a personal tour guide service called 'A friend in New York' to #Person1#.
test_78,"#Person1#: What do you know about our company?
#Person2#: Well, as I know this company is one of the largest and best in this field of business. It mainly produces toys for children. It employs more than 10, 000 people throughout the world. The president now is Mr. Jackson. The Shanghai branch was founded five years ago with a staff of more than 2, 000.
#Person1#: Very good. If you enter this company, what department would you like to work in?
#Person2#: May I work in sales department?
#Person1#: OK. Oh, how much do you make at your current job, if you don't mind my asking?
#Person2#: I'm paid 2, 000 yuan per month plus some allowances and bonus as that come to about 3, 000 yuan a month. How much will you pay me?
#Person1#: Well, the starting salary for a clerk in our company is 2, 500 yuan monthly and after three months he would get a raise if his work is satisfactory.
#Person2#: Do you have any fringe benefits?
#Person1#: Sure, we provide semi-annual bonus, a small bonus at Spring Festival, four weeks paid vacation a year.
#Person2#: How about insurance and full health insurance?
#Person1#: We can buy that for you.
#Person2#: That sounds good.",#Person2# tells #Person1# about the company and #Person2# wants to work in the sales department. #Person1# tells #Person2# the salary and the fringe benefits.
test_79,"#Person1#: I'm here to sign the agreement.
#Person2#: I'm sorry. The agreement hasn't been fully prepared. It will be ready by tomorrow.
#Person1#: Can you speed it up and let us have it today?
#Person2#: I will try my best. Here is the draft. Would you please go over it and see if any modifications are needed?
#Person1#: Let me have a look. Well, it contains basically all we have agreed upon.
#Person2#: How about the terms concerning packing?
#Person1#: I don't think so.
#Person2#: If you totally agree, I'll type the agreement this evening and have it duplicated for signatures.
#Person1#: That's fine.",#Person2# asks #Person1# to go over the draft of the agreement and will type it this evening.
test_80,"#Person1#: Hello. Is this ABC Rent-a-car Company?
#Person2#: Yes, speaking. May I help you?
#Person1#: This morning we rented a car and we are on the way to Niagara Falls. I'm afraid we have a car accident near the border.
#Person2#: That's too bad. What kind of accident is it? Are you all right?
#Person1#: I'm all right, but my friend is seriously injured. Will you call an ambulance and the police?
#Person2#: OK. I'll do it right away, but tell me how it happened.
#Person1#: I ran into the guardrail when I turned to the left.",#Person1# calls ABC Rent-a-car Company and says #Person1# has a car accident and #Person1#'s friend is seriously injured.
test_81,"#Person1#: Excuse me, could you tell me how to get to the school clinic? I've lost my way.
#Person2#: Yes. Go straight ahead till you come to the traffic lights, turn left there and it's the first turning on the right.
#Person1#: Straight ahead to the traffic lights, left and then right.
#Person2#: That's it. It'll take you about five minutes.
#Person1#: Thank you very much.",#Person2# tells #Person1# the way to the school clinic.
test_82,"#Person1#: Good morning. What can I do for you?
#Person2#: Well, I hate to disturb you, but I really can't stand it any more. Can you change my room for me? It's too noisy. I was woken up several times by the noise the baggage elevator made. It was too much for me.
#Person1#: I'm sorry to hear that. This room is at the end of the corridor. It's possible that the noise is heard early in the morning when everything is quiet.
#Person2#: Anyhow, I'd like to change my room.
#Person1#: I'm awfully sorry, Miss. I do apologize. We'll manage it, but we don't have any spare room today. Could you wait till tomorrow? A tour company will be leaving tomorrow morning. There'll be some rooms for you to choose from.
#Person2#: All right. I hope I'll be able to enjoy my stay in a quiet suite tomorrow evening and have a sound sleep.
#Person1#: Be sure. And if there is anything more you need, please let us know.
#Person2#: OK. Thank you.
#Person1#: You're welcome. I hope you'll be more comfortable in your new room.",#Person2# is disturbed by the noise and wants to change the room. #Person1# apologizes and asks #Person2# to wait till tomorrow. #Person2# agrees.
test_83,"#Person1#: There's a car waiting for you just outside the door. Right this way, please.
#Person2#: OK!
#Person1#: Let me put your cases into the trunk and please get in the back.
#Person2#: Thanks!
#Person1#: How was your flight?
#Person2#: It's comfortable, but now I'm a little tired.
#Person1#: We'll reach the Beijing hotel in another ten minutes. When we arrived there, you can go up and have a rest. The hotel has very good service, and it's considered as one of the best hotels here.
#Person2#: Thank you! I lived there when I came to Beijing last time. It's comfortable and beautiful.
#Person1#: If it's convenient for you, Mr. Wu would like to invite you to the banquet in honor of you in the evening.
#Person2#: Thank you! I will. When and where will the dinner be?
#Person1#: At six o'clock in the International Hotel. We'll pick you up this afternoon. Besides, if you care for visiting, we'll arrange some sightseeing for you.
#Person2#: Oh, that's nice. Thank you for arranging all of this.",#Person1# drives Mr. Wu to the Beijing hotel. #Person1# invites Mr. Wu to the banquet in honor of him in the evening and will arrange some sightseeing for him.
test_84,"#Person1#: Excuse me, I'm lost. Can you show me where I am in this map?
#Person2#: Er, let me see. Oh, look, you're right here. Pretty close to the Olympic Park.
#Person1#: That's great! It's not my day. I just have very bad sense of direction.
#Person2#: Is this your first time here? Where are you going?
#Person1#: I am supposed to go to Liu Ichang.
#Person2#: Oh, there are many Chinese antique stores. They get paintings, too. Do you get interested in them?
#Person1#: Yes. Yes. Can you tell me how to get there?
#Person2#: Wow, it is quite far away from here. I'm afraid you're gonna have to take Bus No. 713.",#Person1# is lost and #Person2# helps #Person1# find the way to Liu Ichang.
test_85,"#Person1#: What's the matter with this computer?
#Person2#: I don't know, but it just doesn't work well. Whenever I start it, it stops running.
#Person1#: Have you asked Mr. Li for some advice?
#Person2#: Yes, I have, but he doesn't seem to be able to solve the problem, either. Can you help me?
#Person1#: Me? I know nothing more than playing computer games.
#Person2#: What shall I do? I have to finish this report this afternoon, but...
#Person1#: But why don't you ring up the repairmen? They will be able to settle the problem.
#Person2#: Yes, I'll ring them up.",#Person2#'s computer doesn't work well. #Person1# advises #Person2# to ring up the repairmen.
test_86,"#Person1#: May I help you, sir?
#Person2#: Yes. I'm looking for a nice gift for my mother. It's her birthday tomorrow.
#Person1#: Do you have anything special in mind?
#Person2#: No, not really.
#Person1#: Perhaps she would like a necklace. We have many choices here.
#Person2#: No, thanks. My mom doesn't like jewels.
#Person1#: Well, then. Maybe a watch would be nice.
#Person2#: Yes, that's it. She does need a new watch with big, clear numbers. She has complained a lot about the small numbers on her watch.
#Person1#: This gold one is pretty, and I'm sure it will be easy for her to read the time.
#Person2#: Don't you think it's a bit too fancy for old ladies?
#Person1#: No, it actually sells very well and the old ladies like it very much.
#Person2#: Maybe you are right. I'll take it.
#Person1#: I'm sure your mother will love it.
#Person2#: I hope so.",#Person2# wants to buy a gift for his mother's birthday. #Person1# recommends a gold watch and #Person2# buys it.
test_87,"#Person1#: Ah, good morning, Ms. Ross, do come in.
#Person2#: Hello, Mr. Fisher. Nice to see you.
#Person1#: Face to face instead of on the phone, what? Haha. How are you?
#Person2#: Fine, thanks, very well.
#Person1#: Oh, do sit down. Would you like some coffee?
#Person2#: Oh, yes please, black.
#Person1#: Here you are.
#Person2#: Thanks. Well, how's it all going?
#Person1#: Oh, not too bad, we're just about to open a branch in New Zealand. Oh! ... I'm hoping to--if I can justify it to the marketing director! How's your little boy, has he started school yet?
#Person2#: Oh, yes, he's in the second year now.
#Person1#: What, already? Doesn't time fly! Is he enjoying it?
#Person2#: Very much, it's much more fun than being home!
#Person1#: Haha. Well, I suppose we'd better make a start. Shall we get down to business?
#Person2#: Right. First of all can I confirm the time and date of the presentation? It's Saturday 24 October in the morning. What time exactly?
#Person1#: Well, on the invitations we've sent out we've said that the presentation itself will start at 11 and go on till 12:30.
#Person2#: So you'll need the room from about 10 till 2. Would you like us to serve coffee beforehand?
#Person1#: Yes, yes. Oh, and drinks and snacks at the end.
#Person2#: Better to have buffet lunch?
#Person1#: No, I... people who are invited won't be expecting a free lunch. They might think that's overdoing it. They'll want to get back to their families, as it's Saturday.
#Person2#: All right, the normal pre-lunch snack buffet will be what you need--that's basically the same as what you had last February.
#Person1#: Oh, that'll be fine.
#Person2#: OK, well, we'll charge for the room, coffee and snack buffet at the standard rate less 15%, as we agreed. And we'll charge for the drinks served on a pro-rata basis.
#Person1#: Free, fine, yes.
#Person2#: What type of... um.., equipment, furniture would you like?
#Person1#: Well, let's have.., um... four.., no, no... five tables for our display. Er... we'll bring our own stands. Now, there's an overhead projector and sound system already in the room, I believe? Can you get someone to check that before we come, you know, to see that it's working?
#Person2#: Oh, of course, the technician will be with you when you're setting everything up. Oh, the seats in that room have flap-over desk tops, will that be all right?
#Person1#: Yes, yes, that's fine, sure.
#Person2#: You say you've sent out the invitations, any idea how many people there'll be? Urn... I think you know there's... the capacity for the room is about 50, but 40 is ideal.
#Person1#: Yes, ah... the problem is that we won't know exactly how many there'll be until shortly before.
#Person2#: Can you let me know definitely by Thursday?
#Person1#: Mm... no. But I'll have a rough idea and we'll budget for the number I give you then. We've sent out 100 invitations...
#Person2#: 100?!
#Person1#: Yes, well, in theory that meant that there could be 200 people.
#Person2#: Yes, but the room won't...
#Person1#: But of course, haha... I don't expect more than about 30 to come.
#Person2#: But what if they do? This room is the only one we have that day--there's a wedding reception in the banqueting rooms, so we...
#Person1#: Well, in that case, I suppose...","Mr. Fisher and Ms. Ross are talking about the presentation in the morning of Saturday 24th October. They confirm the time, date, coffee, snack buffet, equipment, and furniture. Mr. Fisher says he has sent out 100 invitations and expects about 30 people to come, but Ms. Ross worries that the room is not big enough for so many people."
test_88,"#Person1#: What are the main differences between this country and your country?
#Person2#: Well, in Russia, everything happens very fast. People talk quickly, they drive their cars too fast, the good deals go by really quickly...but here in Canada, it seems like people are a little more relaxed.
#Person1#: Is that true for everything?
#Person2#: No, of course not. In Russia, going to the bank can take hours. The same is true for the post office and the supermarket. In Canada, however, these places are pretty easy to get through quickly.
#Person1#: So, what is it that makes some things go either faster or slower compared to us here in Canada? I was born and raised here, so I guess I don't notice these things. I've also never been outside the country before.
#Person2#: I think the people in Russia are fast movers by nature, at least in the big cities. Public places are still very slow because they haven't tried to do business any differently than they used to.
#Person1#: But in Canada, it's the opposite?
#Person2#: Right. The government here does a great job of solving problems and using new technology to make businesses work better. But I think Canadians are just more calm in general than Russians are... and they're definitely more relaxed than Americans!
#Person1#: Well, I agree with you about that last part!","#Person2# tells #Person1# that everything happens very fast in Russia, but people are more relaxed in Canada. #Person2# thinks the people in Russia are fast movers by nature and the government in Canada does a great job of solving problems and using new technology to make businesses work better."
test_89,"#Person1#: Where are you going on vacation this year?
#Person2#: Well, we were thinking about going on the voyage to the Caribbean Sea. It's a beautiful part of the world.
#Person1#: It certainly is. I went on one last year. But the weather can sometimes be really bad.
#Person2#: I know. I have been reading weather reports for the Caribbean on the internet. They seem to have lots of storms.
#Person1#: They certainly do. When we went on a voyage, we stopped at Jamaica and the Cayman Islands. And both had been hit by storms two weeks before. You could still see a lot of damage.
#Person2#: Well, if I decide to go, I'll just have to hope for the best.",#Person2# tells #Person1# #Person2# is thinking of going on a voyage to the Caribbean Sea. #Person1# reminds #Person2# of the storms there.
test_90,"#Person1#: Mum, have we got any fruit to take on the picnic? I thought there were some oranges and bananas.
#Person2#: Here are the bananas. Let's take them. Oh the oranges have all gone. What about taking some grapes or apples as well?
#Person1#: OK, let's take the grapes. That'll be enough.",#Person1# and #Person2# are preparing for a picnic.
test_91,"#Person1#: How much is it to rent an economy car? 
#Person2#: $19 a day or$129 a week, unlimited mileage. 
#Person1#: Could I have one for tomorrow morning? 
#Person2#: Could I see your driver's license? 
#Person1#: Sure here it is. 
#Person2#: Good. Now just complete this form. ",#Person1# rents an economy car from #Person2# for tomorrow morning.
test_92,"#Person1#: It depends on where you are and what position you are in. For instance, if you are in an elevator and you smile, you will make other takers uncomfortable. 
#Person2#: That's an exception. But I am fed up with those who keep a straight face in front of me. 
#Person1#: I cannot see eye to eye with you here. You see, I am fed up with those who keep smiling to me. I mean, they smile for no reason at all. 
#Person2#: That means you don't like them. If you hit it off with them, you will like to see their smiles. ","#Person1# and #Person2# are discussing whether to smile to strangers. #Person1# doesn't like people who smile for no reason, but #Person2# thinks otherwise."
test_93,"#Person1#: Did you see the information on sales for last year? The sales review was made at our last board meeting. There's a great news for our shareholders. 
#Person2#: Yeah, I went over the figures this morning. We're finally started making money again! 
#Person1#: We've never sold this much before, our growth this year has been phenomenal. We have captured 8% of the market, up from last year by 120%. Our strategy is working! 
#Person2#: not only our annual sales brake a record, but our month by month earnings exceeded our forecast as well. After a two-year slump, we finally back in the black. 
#Person1#: The company's performance has improved since Wallace became president. He's made our little business into a real lucrative operation. Products are selling like hotcakes. 
#Person2#: I think our success is partly because of Wallace's contribution, and partly because of our new marketing strategy. Because of the new advertising campaign, we have become the top sellers in the field. 
#Person1#: Let's hope this stroke of good luck lasts. I hope we are over our financial difficulties for good. 
#Person2#: Let's hope it is! ",#Person1# and #Person2# talk about the sales review made at their last board meeting. They are happy that their company has finally started making money again. They think it's partly because of Wallace's contribution and partly because of their new marketing strategy.
test_94,"#Person1#: Hey, How's it going? 
#Person2#: Not good. I lost my backpack.
#Person1#: Oh, that's too bad. Is anything important in it?
#Person2#: Just my wallet. There's some money in it.
#Person1#: Is your ID lost?
#Person2#: No, thank god.
#Person1#: Was your backpack stolen?
#Person2#: No, I took a taxi yesterday, and I left it in the car.
#Person1#: Sorry to hear that. Did you call the driver?
#Person2#: No, I didn't ask for the recipt so I don't have the number.
#Person1#: That's too bad. Is there anything I can do?
#Person2#: Can I borrow some money? 
#Person1#: Sure, how much do you need? 
#Person2#: About 50 dollars. 
#Person1#: That's no problem. 
#Person2#: Thanks. I'll pay you back on Friday. 
#Person1#: That'll be fine. Here you are.
#Person2#: Thank you.
#Person1#: What are you going to do now?
#Person2#: I'm going to take a bus home, and ask for some money from my mom.
#Person1#: If you wait a minute I drive you home.
#Person2#: That's really nice of you!",#Person2# lost #Person2#'s backpack in the taxi yesterday and asks #Person1# for some money. #Person1# lends #Person2# 50 dollars and drives #Person2# home.
test_95,"#Person1#: Thank you. Steven. That was the most magnificent meal I've had abroad. You'll have to let me reciprocate the next time you're in Beijing. 
#Person2#: Don't worry about it, Lin. That's no big deal. You know, Americans appreciate China's rich culinary culture. Just excuse me for a second while I check the number here and figure out how much to give the waiter. Hmm, by the way, what do you do about tipping in China? 
#Person1#: We don't . 
#Person2#: No tipping? Now that's what I call a civilized system. 
#Person1#: At hotels and some restaurants they add a service charge to the bill, but other than that , tipping isn't customary. 
#Person2#: What about cab drivers and porters? 
#Person1#: In a cab you just pay what it says on the meter. I generally tip hotel porters 10 yuan per bag, but in first-class hotels they're instructed not to accept gratuities. 
#Person2#: You'd have a revolution on your hands if you tried to introduce that sort of system here. ",Lin thanks Steven for the magnificent meal. Lin tells Steven that tipping isn't customary in China. Steven thinks it's civilized.
test_96,"#Person1#: Bill, how can you hear so happy today? 
#Person2#: Aha. I've read of my roommate. I made a move today. 
#Person1#: Really? What was the matter? 
#Person2#: You knew Brain Locker? 
#Person1#: Brain Locker? No, I don't think so. What does he look like? 
#Person2#: Well, he's thin and tall. He has brown hair, a holt nose, green eyes and wearing glasses. 
#Person1#: Mm. I've seen him a couple of times, I think. ",Bill tells #Person1# he made a move today and describes his roommate Brain Locker.
test_97,"#Person1#: I'd like to pay my bill now. 
#Person2#: Your name and room number, please? 
#Person1#: Tom Wilson in Room 306. 
#Person2#: Have you used any hotel services this morning? 
#Person1#: No. 
#Person2#: OK. You have stayed for four nights at 90 US dollars each, and here are the meals that you had at the hotel. That makes a total of 660 US dollars. 
#Person1#: Can I pay by credit card? 
#Person2#: Of course. Please sign your name here. ",#Person2# helps Tom Wilson pay his bill with a credit card.
test_98,"#Person1#: Carol telephone.
#Person2#: Who is it?
#Person1#: I don't know, wait a second. May I ask who's calling please? Carrollite Susan.
#Person2#: Oh, I'm taking a shower can you ask her if it's important?
#Person1#: Sorry Susan, Carol can't come to the phone right now, is there something I can help you with? Oh, I see, Carol she wants to know if the party is tonight or tomorrow night.
#Person2#: Tell her it is tomorrow night at 8:30 at Jills House, tell her to bring a dessert if she wants.
#Person1#: She said it is tomorrow night at 8:30 at Jills House, she said you could bring a dessert if you want. Sure no problem have a good evening. Bye.",#Person1# answers the phone for Carol. Carol is taking a shower. #Person1# tells Susan the party is tomorrow night and Carol wants Susan to bring a dessert.
test_99,"#Person1#: Hey, don't I know you from somewhere?
#Person2#: No, sorry. I don't think so.
#Person1#: Didn't you use to work at Common Fitness Gym?
#Person2#: No, I'm afraid I did not.
#Person1#: Oh, but I know you from somewhere else. Did you use to work at the movie theater downtown? You did. Yes. It's you. I go there all the time and you always sell me popcorn and soda.
#Person2#: No, that's not me either. Sorry, ma'am. Perhaps I look familiar to you, but ...
#Person1#: No, I know you. I have met you before! Hold on. Let me think. This is driving me crazy. I know that we've talked before. Oh, I remember now. You work at the Whole Bean Cafe on the corner. It that right?
#Person2#: No, wrong again. Sorry, ma'am, but I really have to get going.",#Person1# thinks #Person2# looks familiar and tries to recall where #Person1# has met #Person2# before but fails.
